,Number1,Number2,Number3,Number4
0,,,,
1,,,,
2,,,,
3,,,,
4,one,one,,
5,,,,
6,,,,
7,,,,
8,,,,
9,,,,
10,,,,
11,,,,
12,,,,
13,one,,,
14,,,,
15,,,,
16,one,,,
17,,,,
18,,,,
19,,,,
20,,,,
21,,,,
22,,,,
23,,,,
24,,,,
25,one,one,,
26,one,,,
27,,,,
28,,,,
29,,,,
30,,,,
31,ten,,,
32,,,,
33,,,,
34,,,,
35,,,,
36,three,,,
37,,,,
38,,,,
39,,,,
40,,,,
41,,,,
42,,,,
43,,,,
44,,,,
45,,,,
46,,,,
47,,,,
48,one,,,
49,one,,,
50,,,,
51,one,two,one,
52,,,,
53,,,,
54,,,,
55,,,,
56,two,one,,
57,two,ten,ten,
58,two,,,
59,one,two,,
60,,,,
61,three,three,,
62,,,,
63,,,,
64,,,,
65,,,,
66,,,,
67,,,,
68,,,,
69,,,,
70,,,,
71,one,ten,ten,ten
72,one,ten,ten,
73,ten,,,
74,,,,
75,,,,
76,,,,
77,,,,
78,,,,
79,,,,
80,one,,,
81,ten,,,
82,two,,,
83,,,,
84,,,,
85,,,,
86,,,,
87,,,,
88,,,,
89,,,,
90,,,,
91,,,,
92,one,one,,
93,,,,
94,,,,
95,,,,
96,,,,
97,two,one,ten,
98,,,,
99,ten,ten,,
100,,,,
101,,,,
102,,,,
103,three,,,
104,,,,
105,,,,
106,one,,,
107,one,,,
108,,,,
109,,,,
110,,,,
111,,,,
112,,,,
113,,,,
114,,,,
115,,,,
116,,,,
117,two,,,
118,,,,
119,one,,,
120,,,,
121,,,,
122,,,,
123,two,,,
124,,,,
125,two,,,
126,,,,
127,,,,
128,,,,
129,,,,
130,,,,
131,,,,
132,,,,
133,,,,
134,ten,,,
135,,,,
136,,,,
137,one,,,
138,,,,
139,one,,,
140,,,,
141,,,,
142,,,,
143,,,,
144,,,,
145,,,,
146,,,,
147,,,,
148,,,,
149,,,,
150,,,,
151,,,,
152,,,,
153,,,,
154,,,,
155,ten,ten,,
156,,,,
157,,,,
158,,,,
159,,,,
160,,,,
161,one,,,
162,,,,
163,,,,
164,one,,,
165,,,,
166,,,,
167,,,,
168,,,,
169,,,,
170,,,,
171,,,,
172,,,,
173,,,,
174,,,,
175,,,,
176,,,,
177,,,,
178,,,,
179,,,,
180,,,,
181,two,,,
182,ten,,,
183,,,,
184,ten,one,,
185,,,,
186,one,,,
187,,,,
188,,,,
189,,,,
190,,,,
191,,,,
192,,,,
193,,,,
194,one,,,
195,,,,
196,,,,
197,,,,
198,,,,
199,,,,
200,,,,
201,,,,
202,,,,
203,,,,
204,one,,,
205,,,,
206,,,,
207,,,,
208,,,,
209,,,,
210,two,,,
211,,,,
212,ten,ten,,
213,,,,
214,,,,
215,,,,
216,three,,,
217,,,,
218,two,,,
219,,,,
220,,,,
221,,,,
222,,,,
223,,,,
224,,,,
225,,,,
226,,,,
227,,,,
228,,,,
229,ten,,,
230,,,,
231,three,ten,,
232,,,,
233,,,,
234,,,,
235,,,,
236,,,,
237,,,,
238,,,,
239,two,one,,
240,,,,
241,one,,,
242,,,,
243,,,,
244,,,,
245,,,,
246,,,,
247,,,,
248,,,,
249,,,,
250,,,,
251,,,,
252,two,one,,
253,,,,
254,,,,
255,,,,
256,,,,
257,ten,,,
258,,,,
259,,,,
260,,,,
261,one,,,
262,three,,,
263,,,,
264,,,,
265,,,,
266,,,,
267,,,,
268,,,,
269,,,,
270,,,,
271,,,,
272,,,,
273,,,,
274,,,,
275,,,,
276,,,,
277,,,,
278,,,,
279,,,,
280,,,,
281,,,,
282,,,,
283,one,one,,
284,,,,
285,,,,
286,,,,
287,three,,,
288,,,,
289,,,,
290,,,,
291,,,,
292,,,,
293,,,,
294,two,,,
295,,,,
296,,,,
297,,,,
298,one,,,
299,,,,
300,ten,,,
301,,,,
302,,,,
303,,,,
304,,,,
305,,,,
306,,,,
307,,,,
308,,,,
309,,,,
310,,,,
311,,,,
312,,,,
313,ten,,,
314,,,,
315,two,,,
316,,,,
317,,,,
318,,,,
319,,,,
320,,,,
321,,,,
322,three,,,
323,,,,
324,,,,
325,,,,
326,one,,,
327,,,,
328,two,,,
329,,,,
330,,,,
331,one,one,,
332,,,,
333,,,,
334,,,,
335,,,,
336,,,,
337,,,,
338,,,,
339,,,,
340,,,,
341,,,,
342,,,,
343,,,,
344,,,,
345,,,,
346,,,,
347,two,one,,
348,,,,
349,,,,
350,,,,
351,,,,
352,ten,ten,,
353,,,,
354,,,,
355,,,,
356,one,,,
357,,,,
358,,,,
359,,,,
360,one,one,,
361,,,,
362,,,,
363,,,,
364,,,,
365,,,,
366,,,,
367,,,,
368,one,,,
369,ten,,,
370,,,,
371,ten,,,
372,,,,
373,,,,
374,,,,
375,,,,
376,ten,,,
377,two,one,,
378,,,,
379,,,,
380,one,one,eight,
381,,,,
382,,,,
383,one,,,
384,,,,
385,,,,
386,,,,
387,,,,
388,,,,
389,,,,
390,,,,
391,,,,
392,,,,
393,,,,
394,,,,
395,,,,
396,,,,
397,ten,,,
398,,,,
399,,,,
400,,,,
401,,,,
402,one,,,
403,,,,
404,,,,
405,,,,
406,,,,
407,,,,
408,,,,
409,,,,
410,,,,
411,,,,
412,,,,
413,,,,
414,,,,
415,,,,
416,,,,
417,,,,
418,,,,
419,,,,
420,ten,,,
421,,,,
422,,,,
423,,,,
424,,,,
425,,,,
426,,,,
427,ten,,,
428,two,two,,
429,two,two,,
430,,,,
431,,,,
432,one,,,
433,,,,
434,,,,
435,,,,
436,,,,
437,,,,
438,,,,
439,one,,,
440,,,,
441,two,,,
442,,,,
443,,,,
444,one,,,
445,one,,,
446,,,,
447,,,,
448,,,,
449,,,,
450,,,,
451,,,,
452,one,,,
453,one,,,
454,,,,
455,,,,
456,,,,
457,,,,
458,,,,
459,,,,
460,,,,
461,,,,
462,two,,,
463,,,,
464,one,,,
465,,,,
466,two,,,
467,,,,
468,,,,
469,,,,
470,three,,,
471,,,,
472,,,,
473,ten,,,
474,,,,
475,,,,
476,,,,
477,ten,ten,one,one
478,,,,
479,,,,
480,two,,,
481,,,,
482,,,,
483,,,,
484,,,,
485,,,,
486,,,,
487,,,,
488,,,,
489,,,,
490,,,,
491,one,one,ten,
492,one,,,
493,one,,,
494,,,,
495,,,,
496,,,,
497,,,,
498,,,,
499,,,,
500,,,,
501,one,,,
502,,,,
503,ten,,,
504,ten,,,
505,ten,,,
506,ten,ten,,
507,one,ten,ten,
508,one,ten,ten,
509,two,,,
510,,,,
511,,,,
512,,,,
513,,,,
514,,,,
515,,,,
516,,,,
517,,,,
518,,,,
519,,,,
520,one,,,
521,,,,
522,,,,
523,,,,
524,,,,
525,,,,
526,two,two,,
527,two,two,,
528,one,one,,
529,one,,,
530,two,,,
531,ten,,,
532,ten,ten,,
533,one,,,
534,,,,
535,one,one,ten,
536,ten,ten,,
537,,,,
538,,,,
539,,,,
540,,,,
541,,,,
542,,,,
543,,,,
544,,,,
545,,,,
546,,,,
547,,,,
548,,,,
549,one,two,,
550,,,,
551,ten,one,one,
552,ten,ten,one,ten
553,ten,ten,ten,
554,ten,,,
555,,,,
556,,,,
557,,,,
558,,,,
559,,,,
560,ten,ten,,
561,,,,
562,,,,
563,four,,,
564,,,,
565,two,one,,
566,two,,,
567,three,,,
568,one,,,
569,ten,one,,
570,,,,
571,,,,
572,,,,
573,,,,
574,one,two,,
575,,,,
576,,,,
577,,,,
578,,,,
579,,,,
580,one,one,one,one
581,,,,
582,,,,
583,one,one,,
584,,,,
585,,,,
586,two,,,
587,,,,
588,,,,
589,,,,
590,,,,
591,,,,
592,,,,
593,ten,,,
594,,,,
595,,,,
596,,,,
597,,,,
598,ten,ten,,
599,,,,
600,one,,,
601,,,,
602,,,,
603,,,,
604,,,,
605,,,,
606,ten,,,
607,,,,
608,,,,
609,two,one,,
610,,,,
611,,,,
612,,,,
613,,,,
614,,,,
615,,,,
616,one,,,
617,,,,
618,two,,,
619,,,,
620,,,,
621,,,,
622,two,,,
623,,,,
624,one,one,,
625,,,,
626,,,,
627,,,,
628,,,,
629,three,,,
630,two,ten,,
631,,,,
632,one,two,,
633,,,,
634,,,,
635,one,,,
636,,,,
637,two,,,
638,,,,
639,,,,
640,two,,,
641,two,two,,
642,four,one,three,one
643,two,two,,
644,,,,
645,,,,
646,,,,
647,,,,
648,,,,
649,ten,,,
650,,,,
651,,,,
652,,,,
653,,,,
654,,,,
655,,,,
656,,,,
657,,,,
658,,,,
659,,,,
660,,,,
661,,,,
662,,,,
663,,,,
664,,,,
665,,,,
666,ten,,,
667,ten,,,
668,ten,ten,,
669,,,,
670,one,,,
671,,,,
672,,,,
673,,,,
674,,,,
675,,,,
676,,,,
677,,,,
678,,,,
679,,,,
680,,,,
681,,,,
682,one,,,
683,,,,
684,,,,
685,,,,
686,two,six,,
687,,,,
688,,,,
689,ten,,,
690,,,,
691,,,,
692,,,,
693,,,,
694,three,one,,
695,ten,three,,
696,ten,,,
697,,,,
698,ten,one,one,
699,one,one,one,
700,two,ten,ten,
701,,,,
702,,,,
703,one,,,
704,,,,
705,,,,
706,,,,
707,,,,
708,,,,
709,,,,
710,,,,
711,two,two,one,two
712,,,,
713,ten,,,
714,,,,
715,,,,
716,,,,
717,,,,
718,,,,
719,,,,
720,,,,
721,,,,
722,,,,
723,,,,
724,one,one,,
725,,,,
726,,,,
727,,,,
728,,,,
729,,,,
730,,,,
731,ten,,,
732,three,one,one,one
733,,,,
734,,,,
735,,,,
736,two,,,
737,,,,
738,,,,
739,,,,
740,,,,
741,,,,
742,one,,,
743,,,,
744,,,,
745,,,,
746,,,,
747,,,,
748,,,,
749,,,,
750,,,,
751,,,,
752,,,,
753,,,,
754,,,,
755,,,,
756,,,,
757,,,,
758,one,,,
759,,,,
760,two,two,,
761,,,,
762,,,,
763,,,,
764,two,one,,
765,one,,,
766,ten,ten,,
767,,,,
768,,,,
769,,,,
770,,,,
771,one,,,
772,,,,
773,,,,
774,,,,
775,,,,
776,,,,
777,,,,
778,one,one,,
779,,,,
780,,,,
781,,,,
782,,,,
783,two,,,
784,,,,
785,two,,,
786,,,,
787,,,,
788,one,ten,ten,ten
789,,,,
790,one,,,
791,,,,
792,,,,
793,,,,
794,,,,
795,,,,
796,,,,
797,,,,
798,two,,,
799,,,,
800,,,,
801,one,,,
802,,,,
803,one,,,
804,,,,
805,,,,
806,,,,
807,,,,
808,five,,,
809,,,,
810,one,ten,ten,ten
811,,,,
812,,,,
813,,,,
814,,,,
815,,,,
816,three,three,,
817,one,,,
818,,,,
819,,,,
820,one,,,
821,,,,
822,,,,
823,one,,,
824,,,,
825,,,,
826,,,,
827,,,,
828,two,,,
829,,,,
830,one,,,
831,one,one,,
832,one,,,
833,,,,
834,,,,
835,two,,,
836,,,,
837,one,,,
838,,,,
839,,,,
840,ten,one,one,one
841,,,,
842,two,one,,
843,ten,,,
844,one,,,
845,,,,
846,two,one,,
847,,,,
848,,,,
849,,,,
850,one,,,
851,,,,
852,,,,
853,,,,
854,,,,
855,,,,
856,one,ten,one,
857,,,,
858,,,,
859,one,,,
860,,,,
861,one,one,one,
862,,,,
863,two,,,
864,,,,
865,ten,ten,,
866,,,,
867,,,,
868,,,,
869,ten,,,
870,,,,
871,,,,
872,,,,
873,,,,
874,,,,
875,,,,
876,,,,
877,,,,
878,one,,,
879,two,one,,
880,,,,
881,,,,
882,two,one,two,one
883,ten,,,
884,,,,
885,,,,
886,,,,
887,one,,,
888,three,three,,
889,,,,
890,,,,
891,,,,
892,,,,
893,,,,
894,,,,
895,,,,
896,,,,
897,,,,
898,,,,
899,two,one,,
900,one,,,
901,,,,
902,,,,
903,,,,
904,,,,
905,,,,
906,one,,,
907,,,,
908,,,,
909,,,,
910,,,,
911,,,,
912,,,,
913,,,,
914,,,,
915,,,,
916,,,,
917,,,,
918,,,,
919,,,,
920,one,,,
921,three,,,
922,one,,,
923,one,,,
924,,,,
925,,,,
926,,,,
927,,,,
928,,,,
929,one,one,,
930,,,,
931,,,,
932,,,,
933,,,,
934,,,,
935,,,,
936,,,,
937,one,,,
938,,,,
939,one,,,
940,ten,ten,one,one
941,two,,,
942,two,one,,
943,,,,
944,,,,
945,,,,
946,,,,
947,,,,
948,,,,
949,one,,,
950,,,,
951,,,,
952,,,,
953,,,,
954,one,,,
955,,,,
956,,,,
957,,,,
958,,,,
959,,,,
960,two,,,
961,,,,
962,,,,
963,two,one,four,
964,,,,
965,,,,
966,,,,
967,one,,,
968,,,,
969,,,,
970,,,,
971,,,,
972,,,,
973,one,,,
974,,,,
975,one,,,
976,one,,,
977,,,,
978,,,,
979,,,,
980,,,,
981,three,,,
982,,,,
983,one,,,
984,,,,
985,,,,
986,,,,
987,one,one,,
988,ten,,,
989,,,,
990,,,,
991,,,,
992,one,,,
993,two,,,
994,five,,,
995,,,,
996,one,,,
997,ten,,,
998,,,,
999,,,,
1000,,,,
1001,,,,
1002,,,,
1003,ten,,,
1004,,,,
1005,one,,,
1006,,,,
1007,,,,
1008,,,,
1009,,,,
1010,,,,
1011,one,,,
1012,,,,
1013,,,,
1014,,,,
1015,,,,
1016,,,,
1017,,,,
1018,,,,
1019,,,,
1020,one,,,
1021,one,,,
1022,,,,
1023,,,,
1024,one,,,
1025,,,,
1026,,,,
1027,,,,
1028,one,,,
1029,,,,
1030,,,,
1031,,,,
1032,,,,
1033,,,,
1034,one,,,
1035,ten,,,
1036,,,,
1037,ten,,,
1038,,,,
1039,,,,
1040,ten,ten,four,
1041,four,,,
1042,,,,
1043,one,,,
1044,,,,
1045,,,,
1046,,,,
1047,,,,
1048,,,,
1049,,,,
1050,,,,
1051,,,,
1052,ten,,,
1053,,,,
1054,one,,,
1055,,,,
1056,,,,
1057,,,,
1058,,,,
1059,one,four,,
1060,,,,
1061,,,,
1062,,,,
1063,two,,,
1064,,,,
1065,,,,
1066,two,one,,
1067,,,,
1068,one,,,
1069,,,,
1070,one,three,,
1071,,,,
1072,,,,
1073,,,,
1074,,,,
1075,,,,
1076,one,one,,
1077,,,,
1078,ten,,,
1079,,,,
1080,one,,,
1081,,,,
1082,ten,,,
1083,one,one,two,ten
1084,one,,,
1085,,,,
1086,,,,
1087,,,,
1088,,,,
1089,,,,
1090,,,,
1091,four,one,,
1092,,,,
1093,two,one,ten,
1094,two,two,,
1095,,,,
1096,two,one,two,one
1097,two,one,two,one
1098,,,,
1099,,,,
1100,,,,
1101,,,,
1102,one,,,
1103,,,,
1104,,,,
1105,,,,
1106,,,,
1107,three,three,,
1108,one,one,one,one
1109,one,,,
1110,,,,
1111,,,,
1112,,,,
1113,,,,
1114,,,,
1115,,,,
1116,two,two,one,one
1117,,,,
1118,,,,
1119,one,,,
1120,,,,
1121,,,,
1122,,,,
1123,two,one,one,
1124,,,,
1125,,,,
1126,,,,
1127,two,one,,
1128,,,,
1129,,,,
1130,,,,
1131,one,,,
1132,,,,
1133,,,,
1134,,,,
1135,,,,
1136,,,,
1137,one,,,
1138,,,,
1139,,,,
1140,,,,
1141,,,,
1142,,,,
1143,,,,
1144,one,one,,
1145,,,,
1146,,,,
1147,two,,,
1148,,,,
1149,,,,
1150,two,ten,one,
1151,two,one,,
1152,,,,
1153,ten,four,,
1154,two,,,
1155,,,,
1156,,,,
1157,,,,
1158,,,,
1159,,,,
1160,,,,
1161,,,,
1162,one,,,
1163,,,,
1164,,,,
1165,,,,
1166,,,,
1167,,,,
1168,,,,
1169,,,,
1170,,,,
1171,one,,,
1172,,,,
1173,one,,,
1174,,,,
1175,,,,
1176,,,,
1177,,,,
1178,,,,
1179,,,,
1180,ten,,,
1181,,,,
1182,,,,
1183,,,,
1184,,,,
1185,,,,
1186,one,,,
1187,,,,
1188,,,,
1189,two,two,,
1190,,,,
1191,ten,,,
1192,,,,
1193,,,,
1194,,,,
1195,,,,
1196,,,,
1197,two,one,,
1198,,,,
1199,,,,
1200,,,,
1201,,,,
1202,two,two,,
1203,,,,
1204,three,two,,
1205,one,,,
1206,one,one,,
1207,,,,
1208,,,,
1209,three,,,
1210,,,,
1211,,,,
1212,,,,
1213,,,,
1214,,,,
1215,,,,
1216,,,,
1217,,,,
1218,,,,
1219,,,,
1220,,,,
1221,one,two,,
1222,,,,
1223,one,,,
1224,ten,one,one,
1225,,,,
1226,ten,one,one,
1227,,,,
1228,two,,,
1229,,,,
1230,,,,
1231,,,,
1232,,,,
1233,one,,,
1234,,,,
1235,ten,ten,one,
1236,,,,
1237,,,,
1238,,,,
1239,,,,
1240,ten,one,,
1241,,,,
1242,,,,
1243,,,,
1244,one,one,,
1245,one,,,
1246,,,,
1247,,,,
1248,,,,
1249,one,,,
1250,,,,
1251,,,,
1252,,,,
1253,,,,
1254,one,,,
1255,two,one,,
1256,one,,,
1257,one,,,
1258,,,,
1259,,,,
1260,,,,
1261,,,,
1262,,,,
1263,,,,
1264,,,,
1265,,,,
1266,,,,
1267,,,,
1268,,,,
1269,,,,
1270,,,,
1271,,,,
1272,,,,
1273,,,,
1274,,,,
1275,,,,
1276,,,,
1277,,,,
1278,,,,
1279,,,,
1280,,,,
1281,,,,
1282,,,,
1283,,,,
1284,,,,
1285,,,,
1286,,,,
1287,,,,
1288,,,,
1289,,,,
1290,ten,,,
1291,two,,,
1292,two,,,
1293,,,,
1294,,,,
1295,,,,
1296,,,,
1297,,,,
1298,,,,
1299,,,,
1300,,,,
1301,,,,
1302,,,,
1303,,,,
1304,,,,
1305,ten,,,
1306,,,,
1307,,,,
1308,,,,
1309,,,,
1310,,,,
1311,,,,
1312,one,one,ten,ten
1313,,,,
1314,two,two,,
1315,two,,,
1316,two,,,
1317,,,,
1318,,,,
1319,,,,
1320,,,,
1321,,,,
1322,one,,,
1323,one,,,
1324,,,,
1325,,,,
1326,,,,
1327,,,,
1328,one,one,one,
1329,,,,
1330,two,,,
1331,,,,
1332,,,,
1333,,,,
1334,,,,
1335,two,two,two,two
1336,,,,
1337,,,,
1338,,,,
1339,,,,
1340,,,,
1341,two,two,one,
1342,,,,
1343,,,,
1344,,,,
1345,,,,
1346,,,,
1347,,,,
1348,three,,,
1349,three,,,
1350,,,,
1351,ten,,,
1352,ten,,,
1353,,,,
1354,one,,,
1355,one,,,
1356,,,,
1357,,,,
1358,,,,
1359,,,,
1360,,,,
1361,,,,
1362,,,,
1363,two,,,
1364,one,,,
1365,,,,
1366,,,,
1367,one,,,
1368,,,,
1369,,,,
1370,two,,,
1371,,,,
1372,,,,
1373,,,,
1374,,,,
1375,,,,
1376,,,,
1377,,,,
1378,one,ten,ten,
1379,ten,ten,ten,ten
1380,ten,one,ten,
1381,ten,two,ten,three
1382,,,,
1383,,,,
1384,one,,,
1385,,,,
1386,,,,
1387,,,,
1388,,,,
1389,,,,
1390,,,,
1391,,,,
1392,,,,
1393,,,,
1394,,,,
1395,,,,
1396,,,,
1397,,,,
1398,,,,
1399,,,,
1400,,,,
1401,,,,
1402,two,,,
1403,two,,,
1404,,,,
1405,,,,
1406,,,,
1407,,,,
1408,one,one,,
1409,,,,
1410,,,,
1411,one,,,
1412,one,,,
1413,ten,,,
1414,ten,,,
1415,ten,,,
1416,,,,
1417,,,,
1418,,,,
1419,,,,
1420,one,,,
1421,,,,
1422,,,,
1423,,,,
1424,,,,
1425,one,,,
1426,,,,
1427,ten,,,
1428,,,,
1429,,,,
1430,ten,,,
1431,three,one,,
1432,,,,
1433,,,,
1434,,,,
1435,one,three,,
1436,,,,
1437,one,four,,
1438,,,,
1439,two,three,one,
1440,,,,
1441,,,,
1442,,,,
1443,one,two,one,
1444,,,,
1445,,,,
1446,,,,
1447,,,,
1448,one,one,,
1449,,,,
1450,,,,
1451,,,,
1452,,,,
1453,,,,
1454,,,,
1455,one,,,
1456,one,,,
1457,,,,
1458,four,one,,
1459,,,,
1460,one,,,
1461,,,,
1462,,,,
1463,one,,,
1464,ten,ten,ten,ten
1465,,,,
1466,,,,
1467,,,,
1468,,,,
1469,,,,
1470,one,one,,
1471,ten,ten,,
1472,,,,
1473,,,,
1474,,,,
1475,,,,
1476,,,,
1477,,,,
1478,,,,
1479,ten,,,
1480,,,,
1481,one,,,
1482,one,,,
1483,,,,
1484,,,,
1485,,,,
1486,,,,
1487,,,,
1488,four,,,
1489,,,,
1490,one,,,
1491,,,,
1492,one,,,
1493,,,,
1494,,,,
1495,two,,,
1496,one,,,
1497,,,,
1498,,,,
1499,,,,
1500,,,,
1501,,,,
1502,one,,,
1503,,,,
1504,,,,
1505,,,,
1506,,,,
1507,,,,
1508,,,,
1509,,,,
1510,,,,
1511,,,,
1512,one,,,
1513,,,,
1514,,,,
1515,,,,
1516,one,,,
1517,,,,
1518,,,,
1519,ten,ten,one,
1520,one,ten,two,one
1521,one,,,
1522,,,,
1523,,,,
1524,,,,
1525,,,,
1526,six,two,one,
1527,,,,
1528,,,,
1529,,,,
1530,,,,
1531,,,,
1532,,,,
1533,one,,,
1534,three,ten,,
1535,one,,,
1536,,,,
1537,,,,
1538,,,,
1539,,,,
1540,,,,
1541,,,,
1542,,,,
1543,one,,,
1544,,,,
1545,two,one,,
1546,,,,
1547,,,,
1548,,,,
1549,,,,
1550,,,,
1551,,,,
1552,ten,,,
1553,,,,
1554,,,,
1555,,,,
1556,,,,
1557,,,,
1558,,,,
1559,,,,
1560,,,,
1561,ten,,,
1562,ten,,,
1563,two,,,
1564,,,,
1565,,,,
1566,,,,
1567,,,,
1568,,,,
1569,,,,
1570,,,,
1571,one,two,,
1572,,,,
1573,,,,
1574,ten,two,one,
1575,,,,
1576,,,,
1577,ten,one,one,
1578,,,,
1579,,,,
1580,one,ten,,
1581,one,,,
1582,,,,
1583,,,,
1584,,,,
1585,,,,
1586,,,,
1587,one,,,
1588,one,one,,
1589,,,,
1590,,,,
1591,,,,
1592,ten,,,
1593,ten,ten,,
1594,,,,
1595,,,,
1596,,,,
1597,,,,
1598,two,,,
1599,,,,
1600,ten,,,
1601,,,,
1602,one,one,one,
1603,ten,ten,,
1604,,,,
1605,,,,
1606,,,,
1607,three,,,
1608,one,,,
1609,,,,
1610,one,,,
1611,,,,
1612,,,,
1613,,,,
1614,one,,,
1615,,,,
1616,,,,
1617,,,,
1618,,,,
1619,one,,,
1620,,,,
1621,,,,
1622,,,,
1623,,,,
1624,,,,
1625,one,one,,
1626,,,,
1627,,,,
1628,four,,,
1629,one,,,
1630,,,,
1631,one,one,,
1632,ten,,,
1633,,,,
1634,,,,
1635,,,,
1636,,,,
1637,,,,
1638,,,,
1639,,,,
1640,,,,
1641,ten,,,
1642,,,,
1643,ten,one,,
1644,ten,one,,
1645,two,,,
1646,one,,,
1647,,,,
1648,,,,
1649,two,,,
1650,,,,
1651,,,,
1652,,,,
1653,,,,
1654,,,,
1655,,,,
1656,,,,
1657,ten,,,
1658,,,,
1659,,,,
1660,,,,
1661,,,,
1662,,,,
1663,,,,
1664,,,,
1665,one,,,
1666,,,,
1667,,,,
1668,ten,,,
1669,two,,,
1670,,,,
1671,,,,
1672,,,,
1673,,,,
1674,,,,
1675,,,,
1676,,,,
1677,one,,,
1678,ten,,,
1679,,,,
1680,,,,
1681,,,,
1682,,,,
1683,,,,
1684,,,,
1685,,,,
1686,,,,
1687,,,,
1688,,,,
1689,,,,
1690,,,,
1691,,,,
1692,,,,
1693,two,,,
1694,one,,,
1695,ten,,,
1696,one,,,
1697,,,,
1698,,,,
1699,one,,,
1700,,,,
1701,,,,
1702,,,,
1703,,,,
1704,two,one,one,
1705,,,,
1706,,,,
1707,,,,
1708,,,,
1709,,,,
1710,,,,
1711,,,,
1712,,,,
1713,ten,ten,,
1714,ten,,,
1715,,,,
1716,ten,,,
1717,,,,
1718,one,ten,,
1719,,,,
1720,one,,,
1721,one,,,
1722,,,,
1723,ten,,,
1724,,,,
1725,,,,
1726,,,,
1727,ten,,,
1728,,,,
1729,,,,
1730,two,two,,
1731,,,,
1732,,,,
1733,one,one,,
1734,,,,
1735,one,one,two,one
1736,,,,
1737,,,,
1738,one,,,
1739,,,,
1740,,,,
1741,two,,,
1742,,,,
1743,one,one,,
1744,,,,
1745,,,,
1746,ten,,,
1747,,,,
1748,,,,
1749,,,,
1750,,,,
1751,five,,,
1752,,,,
1753,,,,
1754,,,,
1755,,,,
1756,one,one,,
1757,,,,
1758,,,,
1759,,,,
1760,,,,
1761,,,,
1762,,,,
1763,,,,
1764,,,,
1765,ten,one,one,one
1766,,,,
1767,,,,
1768,,,,
1769,,,,
1770,,,,
1771,,,,
1772,,,,
1773,,,,
1774,,,,
1775,,,,
1776,,,,
1777,,,,
1778,,,,
1779,one,,,
1780,,,,
1781,one,,,
1782,,,,
1783,,,,
1784,,,,
1785,ten,,,
1786,,,,
1787,,,,
1788,one,,,
1789,,,,
1790,,,,
1791,,,,
1792,,,,
1793,one,,,
1794,,,,
1795,,,,
1796,,,,
1797,one,,,
1798,,,,
1799,,,,
1800,four,,,
1801,three,two,,
1802,,,,
1803,,,,
1804,,,,
1805,one,,,
1806,ten,,,
1807,ten,ten,,
1808,ten,,,
1809,,,,
1810,three,three,,
1811,three,three,,
1812,,,,
1813,,,,
1814,one,,,
1815,,,,
1816,,,,
1817,,,,
1818,,,,
1819,one,,,
1820,,,,
1821,,,,
1822,one,,,
1823,,,,
1824,,,,
1825,,,,
1826,two,one,,
1827,,,,
1828,,,,
1829,one,,,
1830,,,,
1831,,,,
1832,,,,
1833,,,,
1834,,,,
1835,one,,,
1836,,,,
1837,,,,
1838,,,,
1839,,,,
1840,,,,
1841,one,one,,
1842,,,,
1843,two,one,,
1844,,,,
1845,,,,
1846,,,,
1847,,,,
1848,two,,,
1849,,,,
1850,one,,,
1851,,,,
1852,,,,
1853,one,,,
1854,,,,
1855,one,,,
1856,,,,
1857,,,,
1858,,,,
1859,,,,
1860,,,,
1861,,,,
1862,,,,
1863,ten,,,
1864,,,,
1865,,,,
1866,,,,
1867,,,,
1868,,,,
1869,,,,
1870,,,,
1871,two,,,
1872,,,,
1873,,,,
1874,,,,
1875,,,,
1876,three,two,one,
1877,ten,,,
1878,,,,
1879,two,one,,
1880,ten,ten,,
1881,,,,
1882,,,,
1883,,,,
1884,,,,
1885,,,,
1886,,,,
1887,,,,
1888,,,,
1889,four,one,four,one
1890,,,,
1891,,,,
1892,,,,
1893,,,,
1894,,,,
1895,,,,
1896,,,,
1897,,,,
1898,,,,
1899,,,,
1900,,,,
1901,,,,
1902,,,,
1903,,,,
1904,,,,
1905,,,,
1906,,,,
1907,one,,,
1908,one,,,
1909,ten,,,
1910,ten,,,
1911,one,,,
1912,one,,,
1913,five,two,two,
1914,,,,
1915,five,,,
1916,one,,,
1917,,,,
1918,two,,,
1919,one,one,two,
1920,,,,
1921,,,,
1922,,,,
1923,,,,
1924,,,,
1925,,,,
1926,,,,
1927,,,,
1928,ten,,,
1929,,,,
1930,one,,,
1931,one,ten,,
1932,one,one,,
1933,,,,
1934,,,,
1935,,,,
1936,,,,
1937,,,,
1938,,,,
1939,ten,,,
1940,one,one,one,
1941,ten,one,one,ten
1942,ten,,,
1943,,,,
1944,one,,,
1945,two,one,,
1946,two,,,
1947,one,,,
1948,,,,
1949,,,,
1950,,,,
1951,,,,
1952,,,,
1953,,,,
1954,ten,ten,one,
1955,,,,
1956,,,,
1957,,,,
1958,,,,
1959,ten,,,
1960,ten,,,
1961,,,,
1962,,,,
1963,,,,
1964,three,,,
1965,,,,
1966,,,,
1967,one,one,one,
1968,,,,
1969,one,,,
1970,one,one,two,one
1971,two,one,one,
1972,,,,
1973,,,,
1974,,,,
1975,,,,
1976,,,,
1977,,,,
1978,,,,
1979,two,two,,
1980,,,,
1981,,,,
1982,,,,
1983,one,,,
1984,,,,
1985,,,,
1986,ten,ten,,
1987,one,,,
1988,,,,
1989,,,,
1990,,,,
1991,,,,
1992,,,,
1993,,,,
1994,ten,,,
1995,,,,
1996,ten,ten,,
1997,,,,
1998,one,,,
1999,,,,
2000,,,,
2001,,,,
2002,one,one,,
2003,one,,,
2004,,,,
2005,,,,
2006,,,,
2007,,,,
2008,one,,,
2009,,,,
2010,,,,
2011,,,,
2012,,,,
2013,,,,
2014,,,,
2015,,,,
2016,,,,
2017,one,,,
2018,two,,,
2019,,,,
2020,two,,,
2021,,,,
2022,,,,
2023,,,,
2024,,,,
2025,,,,
2026,,,,
2027,,,,
2028,ten,,,
2029,,,,
2030,,,,
2031,,,,
2032,,,,
2033,,,,
2034,,,,
2035,,,,
2036,one,,,
2037,,,,
2038,,,,
2039,,,,
2040,,,,
2041,ten,,,
2042,,,,
2043,,,,
2044,,,,
2045,,,,
2046,,,,
2047,,,,
2048,,,,
2049,,,,
2050,four,one,,
2051,,,,
2052,,,,
2053,,,,
2054,,,,
2055,one,,,
2056,,,,
2057,,,,
2058,,,,
2059,one,one,,
2060,,,,
2061,,,,
2062,,,,
2063,,,,
2064,,,,
2065,,,,
2066,two,,,
2067,,,,
2068,one,one,ten,ten
2069,,,,
2070,,,,
2071,,,,
2072,,,,
2073,one,,,
2074,,,,
2075,,,,
2076,,,,
2077,ten,,,
2078,one,,,
2079,ten,,,
2080,,,,
2081,,,,
2082,two,,,
2083,,,,
2084,,,,
2085,,,,
2086,,,,
2087,,,,
2088,,,,
2089,,,,
2090,,,,
2091,ten,,,
2092,one,,,
2093,,,,
2094,one,,,
2095,two,,,
2096,,,,
2097,four,,,
2098,,,,
2099,,,,
2100,,,,
2101,,,,
2102,,,,
2103,,,,
2104,one,,,
2105,,,,
2106,,,,
2107,,,,
2108,one,ten,ten,ten
2109,one,ten,,
2110,,,,
2111,two,,,
2112,,,,
2113,,,,
2114,,,,
2115,,,,
2116,,,,
2117,,,,
2118,,,,
2119,,,,
2120,,,,
2121,one,one,one,
2122,,,,
2123,,,,
2124,,,,
2125,one,one,,
2126,,,,
2127,,,,
2128,,,,
2129,,,,
2130,,,,
2131,,,,
2132,,,,
2133,,,,
2134,,,,
2135,,,,
2136,,,,
2137,,,,
2138,ten,ten,,
2139,,,,
2140,,,,
2141,,,,
2142,,,,
2143,two,one,,
2144,,,,
2145,,,,
2146,,,,
2147,,,,
2148,one,,,
2149,one,,,
2150,one,,,
2151,,,,
2152,,,,
2153,,,,
2154,,,,
2155,,,,
2156,,,,
2157,,,,
2158,,,,
2159,one,,,
2160,,,,
2161,one,,,
2162,,,,
2163,,,,
2164,,,,
2165,,,,
2166,,,,
2167,one,one,,
2168,ten,two,,
2169,,,,
2170,,,,
2171,,,,
2172,,,,
2173,two,,,
2174,,,,
2175,one,,,
2176,one,,,
2177,,,,
2178,,,,
2179,two,,,
2180,ten,,,
2181,one,ten,,
2182,ten,ten,one,
2183,,,,
2184,,,,
2185,one,,,
2186,,,,
2187,,,,
2188,,,,
2189,three,two,,
2190,,,,
2191,four,,,
2192,,,,
2193,two,,,
2194,one,one,one,
2195,one,ten,,
2196,,,,
2197,three,two,,
2198,,,,
2199,,,,
2200,,,,
2201,two,two,,
2202,ten,,,
2203,,,,
2204,,,,
2205,,,,
2206,three,one,,
2207,,,,
2208,ten,,,
2209,,,,
2210,,,,
2211,three,one,,
2212,,,,
2213,,,,
2214,,,,
2215,,,,
2216,,,,
2217,,,,
2218,two,ten,ten,
2219,,,,
2220,one,,,
2221,,,,
2222,,,,
2223,,,,
2224,,,,
2225,,,,
2226,,,,
2227,,,,
2228,,,,
2229,,,,
2230,,,,
2231,four,,,
2232,four,,,
2233,two,,,
2234,,,,
2235,,,,
2236,,,,
2237,two,one,,
2238,,,,
2239,,,,
2240,,,,
2241,,,,
2242,one,,,
2243,,,,
2244,one,,,
2245,ten,ten,one,
2246,,,,
2247,,,,
2248,,,,
2249,,,,
2250,,,,
2251,,,,
2252,one,,,
2253,,,,
2254,two,,,
2255,one,one,,
2256,,,,
2257,,,,
2258,,,,
2259,,,,
2260,,,,
2261,two,,,
2262,,,,
2263,,,,
2264,,,,
2265,,,,
2266,,,,
2267,,,,
2268,,,,
2269,,,,
2270,one,,,
2271,one,,,
2272,,,,
2273,,,,
2274,one,,,
2275,ten,one,one,ten
2276,,,,
2277,,,,
2278,one,,,
2279,two,two,,
2280,,,,
2281,,,,
2282,two,two,,
2283,,,,
2284,three,two,one,
2285,,,,
2286,,,,
2287,,,,
2288,,,,
2289,one,,,
2290,ten,,,
2291,,,,
2292,two,one,,
2293,one,one,ten,
2294,,,,
2295,,,,
2296,,,,
2297,one,,,
2298,ten,ten,,
2299,one,,,
2300,ten,ten,,
2301,,,,
2302,,,,
2303,,,,
2304,two,,,
2305,,,,
2306,,,,
2307,,,,
2308,one,,,
2309,,,,
2310,,,,
2311,,,,
2312,,,,
2313,,,,
2314,,,,
2315,,,,
2316,,,,
2317,,,,
2318,,,,
2319,,,,
2320,,,,
2321,,,,
2322,,,,
2323,,,,
2324,,,,
2325,,,,
2326,,,,
2327,ten,,,
2328,,,,
2329,one,,,
2330,,,,
2331,,,,
2332,,,,
2333,,,,
2334,,,,
2335,,,,
2336,,,,
2337,,,,
2338,,,,
2339,,,,
2340,,,,
2341,,,,
2342,,,,
2343,,,,
2344,,,,
2345,ten,,,
2346,,,,
2347,ten,ten,one,
2348,ten,,,
2349,,,,
2350,,,,
2351,,,,
2352,,,,
2353,,,,
2354,one,,,
2355,,,,
2356,,,,
2357,ten,ten,one,
2358,,,,
2359,,,,
2360,,,,
2361,,,,
2362,two,,,
2363,,,,
2364,,,,
2365,,,,
2366,,,,
2367,,,,
2368,ten,,,
2369,two,,,
2370,,,,
2371,,,,
2372,,,,
2373,,,,
2374,,,,
2375,,,,
2376,,,,
2377,,,,
2378,,,,
2379,,,,
2380,one,,,
2381,one,,,
2382,,,,
2383,,,,
2384,two,two,one,one
2385,,,,
2386,,,,
2387,,,,
2388,,,,
2389,,,,
2390,,,,
2391,,,,
2392,,,,
2393,one,,,
2394,,,,
2395,one,,,
2396,,,,
2397,,,,
2398,four,five,one,
2399,,,,
2400,ten,,,
2401,,,,
2402,one,,,
2403,,,,
2404,,,,
2405,,,,
2406,,,,
2407,four,two,,
2408,,,,
2409,,,,
2410,,,,
2411,ten,,,
2412,,,,
2413,one,,,
2414,,,,
2415,,,,
2416,ten,,,
2417,,,,
2418,,,,
2419,,,,
2420,,,,
2421,,,,
2422,,,,
2423,one,,,
2424,,,,
2425,,,,
2426,,,,
2427,ten,,,
2428,one,,,
2429,,,,
2430,,,,
2431,two,,,
2432,,,,
2433,,,,
2434,,,,
2435,,,,
2436,,,,
2437,,,,
2438,,,,
2439,,,,
2440,,,,
2441,one,,,
2442,ten,one,ten,
2443,,,,
2444,ten,,,
2445,one,,,
2446,,,,
2447,one,ten,one,ten
2448,,,,
2449,one,,,
2450,,,,
2451,,,,
2452,,,,
2453,ten,one,ten,ten
2454,ten,ten,ten,ten
2455,,,,
2456,one,,,
2457,,,,
2458,,,,
2459,,,,
2460,,,,
2461,,,,
2462,,,,
2463,,,,
2464,one,,,
2465,,,,
2466,,,,
2467,,,,
2468,ten,,,
2469,ten,ten,,
2470,,,,
2471,,,,
2472,,,,
2473,one,,,
2474,,,,
2475,one,,,
2476,,,,
2477,,,,
2478,,,,
2479,,,,
2480,,,,
2481,,,,
2482,,,,
2483,,,,
2484,,,,
2485,ten,,,
2486,,,,
2487,,,,
2488,ten,,,
2489,ten,four,,
2490,ten,ten,four,
2491,,,,
2492,,,,
2493,ten,,,
2494,,,,
2495,,,,
2496,,,,
2497,,,,
2498,,,,
2499,,,,
2500,,,,
2501,,,,
2502,,,,
2503,,,,
2504,,,,
2505,,,,
2506,,,,
2507,four,two,,
2508,ten,ten,,
2509,,,,
2510,ten,,,
2511,ten,,,
2512,,,,
2513,,,,
2514,,,,
2515,one,,,
2516,,,,
2517,one,,,
2518,,,,
2519,,,,
2520,,,,
2521,,,,
2522,,,,
2523,,,,
2524,,,,
2525,,,,
2526,,,,
2527,ten,,,
2528,,,,
2529,two,,,
2530,,,,
2531,,,,
2532,,,,
2533,,,,
2534,,,,
2535,,,,
2536,one,,,
2537,ten,,,
2538,one,two,,
2539,,,,
2540,,,,
2541,,,,
2542,,,,
2543,,,,
2544,,,,
2545,,,,
2546,,,,
2547,ten,,,
2548,,,,
2549,,,,
2550,,,,
2551,,,,
2552,,,,
2553,,,,
2554,,,,
2555,,,,
2556,two,,,
2557,,,,
2558,,,,
2559,,,,
2560,ten,,,
2561,,,,
2562,,,,
2563,,,,
2564,,,,
2565,,,,
2566,,,,
2567,,,,
2568,,,,
2569,,,,
2570,,,,
2571,,,,
2572,,,,
2573,,,,
2574,,,,
2575,one,,,
2576,,,,
2577,,,,
2578,,,,
2579,one,two,one,one
2580,,,,
2581,one,,,
2582,,,,
2583,,,,
2584,one,,,
2585,,,,
2586,,,,
2587,,,,
2588,,,,
2589,,,,
2590,,,,
2591,one,two,,
2592,,,,
2593,,,,
2594,ten,one,,
2595,,,,
2596,one,three,,
2597,,,,
2598,,,,
2599,,,,
2600,one,,,
2601,one,,,
2602,one,,,
2603,,,,
2604,,,,
2605,,,,
2606,,,,
2607,two,two,,
2608,,,,
2609,,,,
2610,,,,
2611,,,,
2612,,,,
2613,one,,,
2614,,,,
2615,,,,
2616,,,,
2617,,,,
2618,,,,
2619,one,,,
2620,,,,
2621,,,,
2622,,,,
2623,,,,
2624,,,,
2625,,,,
2626,,,,
2627,,,,
2628,,,,
2629,,,,
2630,,,,
2631,,,,
2632,,,,
2633,,,,
2634,,,,
2635,ten,one,,
2636,,,,
2637,,,,
2638,one,one,,
2639,,,,
2640,,,,
2641,,,,
2642,,,,
2643,,,,
2644,,,,
2645,,,,
2646,,,,
2647,,,,
2648,one,,,
2649,,,,
2650,,,,
2651,two,one,,
2652,,,,
2653,,,,
2654,,,,
2655,,,,
2656,,,,
2657,one,,,
2658,one,,,
2659,one,ten,two,ten
2660,,,,
2661,,,,
2662,,,,
2663,,,,
2664,,,,
2665,,,,
2666,ten,ten,,
2667,one,one,one,
2668,,,,
2669,,,,
2670,one,,,
2671,ten,,,
2672,,,,
2673,,,,
2674,,,,
2675,,,,
2676,ten,ten,ten,
2677,,,,
2678,,,,
2679,,,,
2680,,,,
2681,two,,,
2682,,,,
2683,,,,
2684,two,,,
2685,four,,,
2686,,,,
2687,,,,
2688,ten,,,
2689,,,,
2690,,,,
2691,,,,
2692,,,,
2693,,,,
2694,,,,
2695,,,,
2696,,,,
2697,one,one,,
2698,,,,
2699,,,,
2700,,,,
2701,,,,
2702,,,,
2703,one,,,
2704,,,,
2705,,,,
2706,two,,,
2707,two,,,
2708,one,,,
2709,,,,
2710,,,,
2711,,,,
2712,,,,
2713,three,,,
2714,ten,ten,,
2715,,,,
2716,,,,
2717,ten,one,one,one
2718,,,,
2719,,,,
2720,,,,
2721,,,,
2722,,,,
2723,,,,
2724,,,,
2725,,,,
2726,,,,
2727,,,,
2728,,,,
2729,,,,
2730,,,,
2731,,,,
2732,,,,
2733,,,,
2734,,,,
2735,,,,
2736,,,,
2737,,,,
2738,,,,
2739,,,,
2740,,,,
2741,,,,
2742,one,ten,,
2743,,,,
2744,,,,
2745,,,,
2746,,,,
2747,,,,
2748,,,,
2749,,,,
2750,,,,
2751,,,,
2752,,,,
2753,ten,ten,one,
2754,,,,
2755,,,,
2756,,,,
2757,,,,
2758,,,,
2759,,,,
2760,,,,
2761,,,,
2762,,,,
2763,,,,
2764,,,,
2765,,,,
2766,,,,
2767,,,,
2768,,,,
2769,,,,
2770,,,,
2771,,,,
2772,,,,
2773,,,,
2774,,,,
2775,,,,
2776,,,,
2777,,,,
2778,,,,
2779,,,,
2780,,,,
2781,,,,
2782,,,,
2783,,,,
2784,,,,
2785,,,,
2786,ten,one,,
2787,,,,
2788,one,one,,
2789,two,one,three,two
2790,,,,
2791,one,,,
2792,two,,,
2793,,,,
2794,,,,
2795,one,,,
2796,one,,,
2797,,,,
2798,,,,
2799,two,,,
2800,,,,
2801,,,,
2802,,,,
2803,,,,
2804,,,,
2805,,,,
2806,,,,
2807,one,one,,
2808,one,,,
2809,one,,,
2810,one,ten,one,
2811,ten,,,
2812,ten,,,
2813,,,,
2814,,,,
2815,,,,
2816,,,,
2817,,,,
2818,,,,
2819,,,,
2820,,,,
2821,,,,
2822,,,,
2823,,,,
2824,,,,
2825,two,,,
2826,,,,
2827,,,,
2828,,,,
2829,,,,
2830,,,,
2831,,,,
2832,,,,
2833,,,,
2834,,,,
2835,ten,,,
2836,,,,
2837,,,,
2838,,,,
2839,,,,
2840,,,,
2841,one,,,
2842,,,,
2843,,,,
2844,one,,,
2845,,,,
2846,,,,
2847,,,,
2848,,,,
2849,,,,
2850,,,,
2851,,,,
2852,,,,
2853,,,,
2854,,,,
2855,,,,
2856,,,,
2857,,,,
2858,,,,
2859,,,,
2860,,,,
2861,two,one,,
2862,,,,
2863,one,,,
2864,,,,
2865,,,,
2866,,,,
2867,one,,,
2868,,,,
2869,,,,
2870,,,,
2871,,,,
2872,one,two,one,
2873,,,,
2874,,,,
2875,,,,
2876,,,,
2877,,,,
2878,,,,
2879,ten,,,
2880,,,,
2881,,,,
2882,,,,
2883,,,,
2884,,,,
2885,,,,
2886,ten,ten,,
2887,,,,
2888,one,two,,
2889,,,,
2890,,,,
2891,,,,
2892,,,,
2893,one,one,,
2894,,,,
2895,,,,
2896,one,,,
2897,,,,
2898,,,,
2899,ten,ten,ten,one
2900,ten,,,
2901,,,,
2902,two,,,
2903,one,,,
2904,ten,,,
2905,,,,
2906,one,,,
2907,,,,
2908,,,,
2909,,,,
2910,,,,
2911,,,,
2912,,,,
2913,,,,
2914,one,,,
2915,,,,
2916,,,,
2917,,,,
2918,one,one,,
2919,,,,
2920,,,,
2921,,,,
2922,,,,
2923,,,,
2924,,,,
2925,,,,
2926,,,,
2927,one,,,
2928,,,,
2929,one,,,
2930,,,,
2931,,,,
2932,,,,
2933,,,,
2934,one,,,
2935,,,,
2936,one,one,,
2937,,,,
2938,,,,
2939,,,,
2940,one,,,
2941,,,,
2942,,,,
2943,,,,
2944,,,,
2945,,,,
2946,,,,
2947,one,,,
2948,ten,ten,,
2949,two,one,one,
2950,,,,
2951,,,,
2952,,,,
2953,,,,
2954,,,,
2955,,,,
2956,,,,
2957,,,,
2958,,,,
2959,,,,
2960,,,,
2961,,,,
2962,ten,ten,one,
2963,,,,
2964,,,,
2965,,,,
2966,one,,,
2967,one,,,
2968,two,one,,
2969,one,,,
2970,one,,,
2971,ten,one,,
2972,ten,,,
2973,,,,
2974,,,,
2975,,,,
2976,,,,
2977,,,,
2978,,,,
2979,two,two,two,two
2980,two,,,
2981,,,,
2982,,,,
2983,,,,
2984,two,one,,
2985,,,,
2986,,,,
2987,,,,
2988,one,,,
2989,one,two,one,one
2990,ten,,,
2991,,,,
2992,,,,
2993,one,,,
2994,,,,
2995,,,,
2996,,,,
2997,,,,
2998,,,,
2999,ten,,,
3000,,,,
3001,one,,,
3002,,,,
3003,,,,
3004,,,,
3005,,,,
3006,,,,
3007,,,,
3008,ten,ten,ten,ten
3009,,,,
3010,,,,
3011,,,,
3012,one,,,
3013,,,,
3014,,,,
3015,,,,
3016,ten,,,
3017,,,,
3018,,,,
3019,,,,
3020,,,,
3021,,,,
3022,,,,
3023,,,,
3024,,,,
3025,,,,
3026,ten,,,
3027,,,,
3028,,,,
3029,,,,
3030,,,,
3031,ten,two,,
3032,,,,
3033,,,,
3034,,,,
3035,,,,
3036,,,,
3037,,,,
3038,,,,
3039,ten,ten,ten,
3040,,,,
3041,,,,
3042,one,,,
3043,,,,
3044,three,,,
3045,one,,,
3046,,,,
3047,,,,
3048,,,,
3049,,,,
3050,,,,
3051,,,,
3052,,,,
3053,,,,
3054,,,,
3055,,,,
3056,,,,
3057,,,,
3058,,,,
3059,,,,
3060,ten,ten,one,ten
3061,,,,
3062,,,,
3063,,,,
3064,,,,
3065,,,,
3066,ten,,,
3067,,,,
3068,,,,
3069,one,,,
3070,,,,
3071,,,,
3072,one,,,
3073,,,,
3074,,,,
3075,,,,
3076,,,,
3077,,,,
3078,,,,
3079,,,,
3080,two,,,
3081,,,,
3082,three,one,three,one
3083,one,,,
3084,,,,
3085,,,,
3086,,,,
3087,,,,
3088,,,,
3089,,,,
3090,,,,
3091,,,,
3092,,,,
3093,,,,
3094,,,,
3095,,,,
3096,,,,
3097,one,one,,
3098,two,,,
3099,,,,
3100,,,,
3101,,,,
3102,,,,
3103,ten,,,
3104,two,two,,
3105,one,,,
3106,,,,
3107,,,,
3108,,,,
3109,,,,
3110,,,,
3111,,,,
3112,,,,
3113,,,,
3114,,,,
3115,,,,
3116,,,,
3117,,,,
3118,,,,
3119,,,,
3120,,,,
3121,ten,ten,ten,
3122,,,,
3123,,,,
3124,ten,ten,,
3125,,,,
3126,,,,
3127,,,,
3128,,,,
3129,,,,
3130,,,,
3131,,,,
3132,one,one,,
3133,,,,
3134,,,,
3135,,,,
3136,,,,
3137,two,,,
3138,,,,
3139,,,,
3140,,,,
3141,,,,
3142,,,,
3143,,,,
3144,,,,
3145,,,,
3146,,,,
3147,,,,
3148,one,,,
3149,,,,
3150,,,,
3151,,,,
3152,three,one,,
3153,,,,
3154,,,,
3155,,,,
3156,one,,,
3157,,,,
3158,,,,
3159,,,,
3160,,,,
3161,,,,
3162,,,,
3163,,,,
3164,ten,,,
3165,two,one,two,one
3166,two,one,two,one
3167,,,,
3168,,,,
3169,one,one,,
3170,one,,,
3171,,,,
3172,two,two,,
3173,ten,ten,,
3174,,,,
3175,one,,,
3176,two,one,,
3177,,,,
3178,,,,
3179,,,,
3180,,,,
3181,one,,,
3182,ten,,,
3183,,,,
3184,two,,,
3185,ten,,,
3186,,,,
3187,,,,
3188,two,,,
3189,one,,,
3190,,,,
3191,,,,
3192,,,,
3193,ten,,,
3194,,,,
3195,two,,,
3196,one,ten,,
3197,ten,,,
3198,ten,,,
3199,three,two,,
3200,one,,,
3201,one,,,
3202,,,,
3203,,,,
3204,,,,
3205,,,,
3206,,,,
3207,,,,
3208,,,,
3209,,,,
3210,,,,
3211,,,,
3212,,,,
3213,,,,
3214,,,,
3215,,,,
3216,one,,,
3217,,,,
3218,two,,,
3219,,,,
3220,,,,
3221,,,,
3222,,,,
3223,,,,
3224,,,,
3225,two,,,
3226,,,,
3227,,,,
3228,,,,
3229,,,,
3230,,,,
3231,one,,,
3232,one,,,
3233,,,,
3234,,,,
3235,,,,
3236,one,one,,
3237,ten,ten,ten,ten
3238,ten,,,
3239,,,,
3240,ten,,,
3241,one,,,
3242,,,,
3243,,,,
3244,,,,
3245,,,,
3246,,,,
3247,,,,
3248,,,,
3249,,,,
3250,,,,
3251,one,,,
3252,ten,,,
3253,,,,
3254,,,,
3255,,,,
3256,,,,
3257,,,,
3258,,,,
3259,,,,
3260,,,,
3261,,,,
3262,,,,
3263,,,,
3264,,,,
3265,,,,
3266,ten,one,,
3267,ten,one,one,one
3268,two,one,one,two
3269,,,,
3270,,,,
3271,one,,,
3272,,,,
3273,,,,
3274,,,,
3275,,,,
3276,,,,
3277,,,,
3278,,,,
3279,,,,
3280,,,,
3281,,,,
3282,,,,
3283,one,,,
3284,one,,,
3285,,,,
3286,,,,
3287,,,,
3288,,,,
3289,,,,
3290,,,,
3291,,,,
3292,ten,one,,
3293,one,one,,
3294,ten,,,
3295,,,,
3296,three,one,two,
3297,,,,
3298,,,,
3299,,,,
3300,,,,
3301,,,,
3302,,,,
3303,,,,
3304,,,,
3305,,,,
3306,ten,,,
3307,ten,,,
3308,two,one,one,
3309,,,,
3310,,,,
3311,,,,
3312,five,,,
3313,,,,
3314,,,,
3315,,,,
3316,,,,
3317,,,,
3318,,,,
3319,two,,,
3320,,,,
3321,,,,
3322,,,,
3323,,,,
3324,,,,
3325,,,,
3326,one,,,
3327,,,,
3328,,,,
3329,one,,,
3330,,,,
3331,,,,
3332,,,,
3333,,,,
3334,,,,
3335,one,one,one,
3336,,,,
3337,one,,,
3338,,,,
3339,,,,
3340,two,,,
3341,two,two,one,
3342,,,,
3343,,,,
3344,,,,
3345,,,,
3346,,,,
3347,,,,
3348,one,one,two,one
3349,,,,
3350,one,,,
3351,,,,
3352,,,,
3353,,,,
3354,,,,
3355,ten,,,
3356,,,,
3357,ten,ten,one,
3358,,,,
3359,,,,
3360,,,,
3361,,,,
3362,,,,
3363,,,,
3364,,,,
3365,,,,
3366,,,,
3367,,,,
3368,two,,,
3369,,,,
3370,one,,,
3371,ten,ten,ten,one
3372,,,,
3373,,,,
3374,,,,
3375,,,,
3376,one,,,
3377,,,,
3378,,,,
3379,,,,
3380,,,,
3381,,,,
3382,,,,
3383,,,,
3384,,,,
3385,ten,ten,,
3386,,,,
3387,one,,,
3388,two,,,
3389,,,,
3390,,,,
3391,,,,
3392,,,,
3393,,,,
3394,five,,,
3395,,,,
3396,,,,
3397,,,,
3398,,,,
3399,,,,
3400,,,,
3401,one,,,
3402,,,,
3403,,,,
3404,,,,
3405,,,,
3406,,,,
3407,one,,,
3408,,,,
3409,,,,
3410,ten,one,ten,
3411,,,,
3412,one,one,,
3413,,,,
3414,,,,
3415,,,,
3416,,,,
3417,,,,
3418,,,,
3419,,,,
3420,two,one,,
3421,,,,
3422,,,,
3423,one,,,
3424,,,,
3425,two,,,
3426,one,,,
3427,,,,
3428,,,,
3429,,,,
3430,,,,
3431,two,one,three,two
3432,,,,
3433,,,,
3434,,,,
3435,one,ten,two,one
3436,,,,
3437,,,,
3438,,,,
3439,,,,
3440,,,,
3441,,,,
3442,,,,
3443,,,,
3444,,,,
3445,ten,one,one,
3446,,,,
3447,two,,,
3448,,,,
3449,,,,
3450,,,,
3451,three,,,
3452,,,,
3453,,,,
3454,,,,
3455,,,,
3456,,,,
3457,,,,
3458,,,,
3459,,,,
3460,three,,,
3461,,,,
3462,,,,
3463,,,,
3464,,,,
3465,three,ten,,
3466,,,,
3467,two,two,,
3468,,,,
3469,two,,,
3470,,,,
3471,,,,
3472,,,,
3473,,,,
3474,,,,
3475,,,,
3476,,,,
3477,,,,
3478,,,,
3479,ten,,,
3480,,,,
3481,,,,
3482,ten,ten,,
3483,,,,
3484,one,,,
3485,,,,
3486,,,,
3487,,,,
3488,one,,,
3489,one,two,,
3490,,,,
3491,,,,
3492,,,,
3493,,,,
3494,,,,
3495,,,,
3496,ten,,,
3497,,,,
3498,,,,
3499,,,,
3500,two,ten,,
3501,,,,
3502,,,,
3503,,,,
3504,,,,
3505,,,,
3506,ten,,,
3507,ten,,,
3508,ten,ten,,
3509,ten,ten,ten,
3510,,,,
3511,,,,
3512,,,,
3513,,,,
3514,,,,
3515,one,,,
3516,,,,
3517,,,,
3518,,,,
3519,,,,
3520,three,one,,
3521,three,ten,,
3522,,,,
3523,two,one,one,one
3524,,,,
3525,,,,
3526,one,,,
3527,ten,ten,ten,
3528,,,,
3529,ten,ten,ten,
3530,one,one,,
3531,,,,
3532,,,,
3533,ten,one,,
3534,ten,one,ten,
3535,ten,ten,ten,
3536,one,ten,,
3537,,,,
3538,,,,
3539,,,,
3540,,,,
3541,ten,,,
3542,,,,
3543,,,,
3544,,,,
3545,,,,
3546,one,ten,one,
3547,,,,
3548,one,,,
3549,,,,
3550,,,,
3551,,,,
3552,,,,
3553,,,,
3554,two,two,,
3555,,,,
3556,,,,
3557,,,,
3558,,,,
3559,,,,
3560,ten,ten,one,one
3561,,,,
3562,one,,,
3563,,,,
3564,one,,,
3565,,,,
3566,three,,,
3567,,,,
3568,ten,ten,,
3569,,,,
3570,,,,
3571,,,,
3572,ten,ten,one,one
3573,one,,,
3574,,,,
3575,,,,
3576,two,,,
3577,,,,
3578,,,,
3579,one,,,
3580,,,,
3581,,,,
3582,,,,
3583,,,,
3584,,,,
3585,two,two,two,two
3586,,,,
3587,,,,
3588,,,,
3589,,,,
3590,,,,
3591,,,,
3592,,,,
3593,ten,ten,,
3594,,,,
3595,,,,
3596,,,,
3597,,,,
3598,,,,
3599,,,,
3600,one,,,
3601,,,,
3602,,,,
3603,,,,
3604,,,,
3605,,,,
3606,,,,
3607,,,,
3608,one,one,,
3609,,,,
3610,ten,,,
3611,,,,
3612,,,,
3613,one,one,,
3614,one,one,,
3615,,,,
3616,two,,,
3617,,,,
3618,,,,
3619,ten,,,
3620,,,,
3621,,,,
3622,,,,
3623,,,,
3624,,,,
3625,,,,
3626,,,,
3627,,,,
3628,,,,
3629,,,,
3630,,,,
3631,,,,
3632,,,,
3633,,,,
3634,,,,
3635,,,,
3636,,,,
3637,,,,
3638,,,,
3639,ten,,,
3640,,,,
3641,two,one,,
3642,ten,,,
3643,,,,
3644,ten,ten,,
3645,,,,
3646,,,,
3647,ten,one,,
3648,ten,,,
3649,ten,,,
3650,,,,
3651,,,,
3652,ten,,,
3653,,,,
3654,ten,,,
3655,,,,
3656,,,,
3657,,,,
3658,,,,
3659,,,,
3660,,,,
3661,,,,
3662,,,,
3663,,,,
3664,one,,,
3665,,,,
3666,,,,
3667,,,,
3668,,,,
3669,,,,
3670,,,,
3671,one,,,
3672,,,,
3673,,,,
3674,one,,,
3675,,,,
3676,ten,,,
3677,two,two,,
3678,,,,
3679,two,,,
3680,,,,
3681,,,,
3682,,,,
3683,,,,
3684,,,,
3685,two,two,,
3686,two,two,two,two
3687,,,,
3688,,,,
3689,four,,,
3690,one,one,one,
3691,,,,
3692,,,,
3693,,,,
3694,,,,
3695,,,,
3696,,,,
3697,two,ten,,
3698,eight,,,
3699,,,,
3700,ten,,,
3701,one,,,
3702,ten,,,
3703,,,,
3704,,,,
3705,,,,
3706,,,,
3707,,,,
3708,one,,,
3709,ten,ten,,
3710,,,,
3711,,,,
3712,,,,
3713,,,,
3714,,,,
3715,,,,
3716,,,,
3717,one,one,,
3718,,,,
3719,ten,,,
3720,one,,,
3721,,,,
3722,,,,
3723,,,,
3724,,,,
3725,,,,
3726,,,,
3727,,,,
3728,,,,
3729,,,,
3730,,,,
3731,,,,
3732,,,,
3733,one,,,
3734,,,,
3735,,,,
3736,,,,
3737,,,,
3738,,,,
3739,,,,
3740,,,,
3741,,,,
3742,,,,
3743,,,,
3744,,,,
3745,,,,
3746,,,,
3747,three,three,three,three
3748,,,,
3749,,,,
3750,two,two,,
3751,,,,
3752,,,,
3753,one,,,
3754,,,,
3755,,,,
3756,,,,
3757,one,,,
3758,,,,
3759,,,,
3760,,,,
3761,,,,
3762,,,,
3763,ten,ten,ten,one
3764,,,,
3765,,,,
3766,,,,
3767,two,two,,
3768,one,,,
3769,,,,
3770,,,,
3771,,,,
3772,,,,
3773,,,,
3774,,,,
3775,,,,
3776,,,,
3777,ten,one,one,
3778,,,,
3779,,,,
3780,,,,
3781,,,,
3782,,,,
3783,,,,
3784,,,,
3785,,,,
3786,,,,
3787,,,,
3788,,,,
3789,five,,,
3790,,,,
3791,,,,
3792,,,,
3793,,,,
3794,,,,
3795,,,,
3796,ten,,,
3797,,,,
3798,,,,
3799,,,,
3800,,,,
3801,one,,,
3802,,,,
3803,three,one,,
3804,,,,
3805,three,,,
3806,,,,
3807,,,,
3808,,,,
3809,,,,
3810,,,,
3811,two,one,,
3812,,,,
3813,two,,,
3814,two,,,
3815,,,,
3816,,,,
3817,,,,
3818,,,,
3819,,,,
3820,,,,
3821,,,,
3822,,,,
3823,,,,
3824,,,,
3825,ten,,,
3826,,,,
3827,,,,
3828,,,,
3829,,,,
3830,,,,
3831,one,,,
3832,ten,one,one,
3833,,,,
3834,one,ten,,
3835,,,,
3836,one,one,,
3837,one,,,
3838,ten,,,
3839,,,,
3840,,,,
3841,,,,
3842,one,,,
3843,,,,
3844,ten,,,
3845,,,,
3846,,,,
3847,,,,
3848,,,,
3849,,,,
3850,one,,,
3851,,,,
3852,two,,,
3853,ten,ten,,
3854,,,,
3855,ten,four,two,
3856,,,,
3857,,,,
3858,,,,
3859,one,,,
3860,,,,
3861,,,,
3862,,,,
3863,,,,
3864,,,,
3865,,,,
3866,,,,
3867,one,,,
3868,,,,
3869,,,,
3870,one,one,,
3871,,,,
3872,,,,
3873,,,,
3874,one,,,
3875,two,,,
3876,,,,
3877,,,,
3878,,,,
3879,two,one,,
3880,,,,
3881,,,,
3882,,,,
3883,,,,
3884,ten,one,one,
3885,,,,
3886,,,,
3887,one,,,
3888,,,,
3889,three,,,
3890,,,,
3891,,,,
3892,,,,
3893,,,,
3894,,,,
3895,,,,
3896,,,,
3897,,,,
3898,,,,
3899,,,,
3900,,,,
3901,,,,
3902,,,,
3903,,,,
3904,,,,
3905,,,,
3906,,,,
3907,,,,
3908,one,,,
3909,ten,,,
3910,ten,,,
3911,,,,
3912,,,,
3913,one,,,
3914,,,,
3915,ten,,,
3916,,,,
3917,one,one,,
3918,one,,,
3919,ten,,,
3920,,,,
3921,,,,
3922,,,,
3923,,,,
3924,,,,
3925,one,ten,,
3926,two,two,,
3927,,,,
3928,two,,,
3929,two,,,
3930,,,,
3931,,,,
3932,,,,
3933,,,,
3934,,,,
3935,,,,
3936,three,one,,
3937,,,,
3938,,,,
3939,,,,
3940,,,,
3941,one,,,
3942,ten,,,
3943,one,,,
3944,,,,
3945,,,,
3946,,,,
3947,,,,
3948,,,,
3949,,,,
3950,,,,
3951,,,,
3952,,,,
3953,,,,
3954,,,,
3955,eight,one,one,
3956,,,,
3957,one,,,
3958,three,,,
3959,,,,
3960,,,,
3961,,,,
3962,,,,
3963,,,,
3964,,,,
3965,,,,
3966,,,,
3967,,,,
3968,one,,,
3969,five,,,
3970,,,,
3971,,,,
3972,one,,,
3973,,,,
3974,,,,
3975,,,,
3976,,,,
3977,,,,
3978,,,,
3979,,,,
3980,,,,
3981,,,,
3982,,,,
3983,one,,,
3984,one,,,
3985,,,,
3986,one,one,,
3987,one,,,
3988,,,,
3989,,,,
3990,,,,
3991,,,,
3992,one,,,
3993,,,,
3994,,,,
3995,,,,
3996,,,,
3997,,,,
3998,,,,
3999,,,,
4000,,,,
4001,,,,
4002,,,,
4003,,,,
4004,,,,
4005,,,,
4006,three,three,,
4007,,,,
4008,,,,
4009,,,,
4010,,,,
4011,one,,,
4012,,,,
4013,,,,
4014,,,,
4015,one,,,
4016,,,,
4017,,,,
4018,,,,
4019,,,,
4020,,,,
4021,,,,
4022,,,,
4023,,,,
4024,two,ten,,
4025,,,,
4026,,,,
4027,,,,
4028,,,,
4029,,,,
4030,,,,
4031,,,,
4032,two,,,
4033,one,one,ten,one
4034,one,one,ten,one
4035,one,one,one,
4036,,,,
4037,,,,
4038,ten,two,one,
4039,,,,
4040,one,ten,,
4041,,,,
4042,,,,
4043,,,,
4044,,,,
4045,one,,,
4046,ten,one,ten,one
4047,,,,
4048,,,,
4049,,,,
4050,,,,
4051,,,,
4052,,,,
4053,,,,
4054,,,,
4055,,,,
4056,,,,
4057,,,,
4058,,,,
4059,one,three,one,
4060,,,,
4061,,,,
4062,,,,
4063,ten,,,
4064,,,,
4065,,,,
4066,ten,,,
4067,two,two,,
4068,,,,
4069,,,,
4070,,,,
4071,,,,
4072,,,,
4073,,,,
4074,,,,
4075,,,,
4076,,,,
4077,,,,
4078,,,,
4079,,,,
4080,,,,
4081,,,,
4082,ten,,,
4083,,,,
4084,,,,
4085,,,,
4086,,,,
4087,,,,
4088,two,,,
4089,,,,
4090,,,,
4091,,,,
4092,,,,
4093,,,,
4094,,,,
4095,,,,
4096,,,,
4097,,,,
4098,,,,
4099,,,,
4100,,,,
4101,,,,
4102,,,,
4103,,,,
4104,,,,
4105,,,,
4106,,,,
4107,,,,
4108,ten,,,
4109,two,,,
4110,one,,,
4111,ten,one,,
4112,,,,
4113,,,,
4114,,,,
4115,,,,
4116,,,,
4117,,,,
4118,,,,
4119,ten,four,,
4120,,,,
4121,ten,,,
4122,,,,
4123,,,,
4124,,,,
4125,,,,
4126,,,,
4127,one,,,
4128,,,,
4129,,,,
4130,,,,
4131,one,one,,
4132,,,,
4133,,,,
4134,one,,,
4135,one,,,
4136,,,,
4137,,,,
4138,,,,
4139,one,one,,
4140,,,,
4141,,,,
4142,,,,
4143,,,,
4144,,,,
4145,,,,
4146,one,,,
4147,one,,,
4148,,,,
4149,,,,
4150,,,,
4151,,,,
4152,,,,
4153,,,,
4154,,,,
4155,two,,,
4156,,,,
4157,,,,
4158,one,,,
4159,,,,
4160,,,,
4161,,,,
4162,,,,
4163,,,,
4164,two,,,
4165,,,,
4166,,,,
4167,,,,
4168,two,,,
4169,,,,
4170,,,,
4171,ten,,,
4172,one,,,
4173,one,,,
4174,,,,
4175,,,,
4176,one,,,
4177,,,,
4178,,,,
4179,,,,
4180,,,,
4181,,,,
4182,,,,
4183,,,,
4184,two,,,
4185,,,,
4186,,,,
4187,,,,
4188,,,,
4189,,,,
4190,,,,
4191,,,,
4192,,,,
4193,,,,
4194,,,,
4195,two,,,
4196,,,,
4197,ten,one,one,one
4198,,,,
4199,,,,
4200,,,,
4201,ten,,,
4202,,,,
4203,two,one,,
4204,,,,
4205,two,two,two,two
4206,,,,
4207,,,,
4208,,,,
4209,,,,
4210,,,,
4211,,,,
4212,,,,
4213,,,,
4214,one,two,one,
4215,one,,,
4216,,,,
4217,,,,
4218,,,,
4219,,,,
4220,one,ten,,
4221,,,,
4222,,,,
4223,,,,
4224,,,,
4225,three,,,
4226,,,,
4227,,,,
4228,,,,
4229,,,,
4230,one,,,
4231,,,,
4232,,,,
4233,,,,
4234,ten,,,
4235,three,,,
4236,two,one,,
4237,one,one,,
4238,,,,
4239,,,,
4240,two,,,
4241,,,,
4242,,,,
4243,,,,
4244,,,,
4245,,,,
4246,,,,
4247,,,,
4248,ten,,,
4249,,,,
4250,one,,,
4251,,,,
4252,,,,
4253,,,,
4254,,,,
4255,two,,,
4256,one,one,,
4257,one,one,,
4258,two,one,,
4259,one,,,
4260,,,,
4261,,,,
4262,three,,,
4263,,,,
4264,one,ten,,
4265,,,,
4266,,,,
4267,,,,
4268,,,,
4269,,,,
4270,one,,,
4271,,,,
4272,,,,
4273,,,,
4274,,,,
4275,,,,
4276,,,,
4277,,,,
4278,,,,
4279,,,,
4280,,,,
4281,,,,
4282,,,,
4283,ten,,,
4284,,,,
4285,,,,
4286,ten,,,
4287,,,,
4288,,,,
4289,one,one,one,
4290,,,,
4291,,,,
4292,ten,ten,two,
4293,,,,
4294,,,,
4295,,,,
4296,,,,
4297,three,one,one,
4298,,,,
4299,,,,
4300,,,,
4301,,,,
4302,,,,
4303,five,,,
4304,,,,
4305,,,,
4306,,,,
4307,,,,
4308,,,,
4309,,,,
4310,one,,,
4311,,,,
4312,one,ten,,
4313,,,,
4314,,,,
4315,,,,
4316,,,,
4317,,,,
4318,,,,
4319,one,one,one,one
4320,,,,
4321,,,,
4322,,,,
4323,,,,
4324,,,,
4325,,,,
4326,,,,
4327,ten,,,
4328,,,,
4329,,,,
4330,,,,
4331,,,,
4332,one,,,
4333,,,,
4334,,,,
4335,,,,
4336,one,,,
4337,two,one,,
4338,,,,
4339,,,,
4340,,,,
4341,,,,
4342,,,,
4343,,,,
4344,ten,,,
4345,ten,one,two,one
4346,,,,
4347,,,,
4348,,,,
4349,,,,
4350,,,,
4351,,,,
4352,,,,
4353,ten,,,
4354,two,,,
4355,,,,
4356,,,,
4357,,,,
4358,,,,
4359,one,,,
4360,,,,
4361,,,,
4362,,,,
4363,,,,
4364,ten,,,
4365,two,,,
4366,,,,
4367,,,,
4368,,,,
4369,,,,
4370,ten,,,
4371,,,,
4372,,,,
4373,,,,
4374,,,,
4375,ten,,,
4376,,,,
4377,,,,
4378,,,,
4379,two,one,one,two
4380,two,two,,
4381,ten,,,
4382,,,,
4383,,,,
4384,one,,,
4385,,,,
4386,,,,
4387,,,,
4388,one,one,,
4389,,,,
4390,two,two,,
4391,,,,
4392,,,,
4393,,,,
4394,two,two,,
4395,,,,
4396,,,,
4397,one,,,
4398,ten,,,
4399,,,,
4400,,,,
4401,,,,
4402,,,,
4403,,,,
4404,,,,
4405,,,,
4406,,,,
4407,,,,
4408,,,,
4409,,,,
4410,,,,
4411,two,two,,
4412,,,,
4413,,,,
4414,,,,
4415,,,,
4416,,,,
4417,,,,
4418,,,,
4419,,,,
4420,two,,,
4421,,,,
4422,one,,,
4423,one,,,
4424,,,,
4425,one,,,
4426,two,two,,
4427,,,,
4428,,,,
4429,,,,
4430,ten,ten,one,one
4431,one,,,
4432,one,,,
4433,,,,
4434,,,,
4435,,,,
4436,,,,
4437,three,two,one,three
4438,,,,
4439,two,one,two,
4440,,,,
4441,,,,
4442,,,,
4443,,,,
4444,two,one,one,
4445,ten,ten,one,one
4446,,,,
4447,,,,
4448,,,,
4449,one,,,
4450,,,,
4451,,,,
4452,,,,
4453,one,,,
4454,one,,,
4455,ten,,,
4456,,,,
4457,,,,
4458,,,,
4459,ten,ten,ten,one
4460,,,,
4461,,,,
4462,one,,,
4463,,,,
4464,,,,
4465,,,,
4466,,,,
4467,,,,
4468,,,,
4469,,,,
4470,,,,
4471,,,,
4472,,,,
4473,,,,
4474,,,,
4475,,,,
4476,,,,
4477,,,,
4478,one,,,
4479,,,,
4480,one,,,
4481,,,,
4482,,,,
4483,,,,
4484,,,,
4485,,,,
4486,one,,,
4487,,,,
4488,,,,
4489,,,,
4490,one,ten,,
4491,two,,,
4492,,,,
4493,,,,
4494,,,,
4495,,,,
4496,,,,
4497,one,,,
4498,,,,
4499,,,,
4500,,,,
4501,,,,
4502,,,,
4503,ten,,,
4504,,,,
4505,,,,
4506,,,,
4507,,,,
4508,ten,ten,,
4509,,,,
4510,,,,
4511,,,,
4512,one,ten,,
4513,,,,
4514,,,,
4515,,,,
4516,,,,
4517,two,one,,
4518,,,,
4519,,,,
4520,,,,
4521,,,,
4522,ten,,,
4523,one,one,,
4524,,,,
4525,,,,
4526,,,,
4527,,,,
4528,,,,
4529,,,,
4530,,,,
4531,two,two,,
4532,,,,
4533,,,,
4534,,,,
4535,,,,
4536,,,,
4537,,,,
4538,ten,,,
4539,three,,,
4540,,,,
4541,,,,
4542,,,,
4543,,,,
4544,,,,
4545,,,,
4546,,,,
4547,,,,
4548,,,,
4549,two,,,
4550,,,,
4551,,,,
4552,,,,
4553,,,,
4554,,,,
4555,,,,
4556,,,,
4557,,,,
4558,,,,
4559,,,,
4560,,,,
4561,one,,,
4562,,,,
4563,,,,
4564,,,,
4565,,,,
4566,,,,
4567,,,,
4568,one,,,
4569,one,,,
4570,,,,
4571,two,two,,
4572,,,,
4573,,,,
4574,,,,
4575,,,,
4576,,,,
4577,ten,two,one,one
4578,ten,ten,ten,
4579,,,,
4580,,,,
4581,,,,
4582,three,,,
4583,,,,
4584,,,,
4585,,,,
4586,two,two,,
4587,,,,
4588,,,,
4589,,,,
4590,,,,
4591,,,,
4592,,,,
4593,ten,,,
4594,,,,
4595,,,,
4596,,,,
4597,,,,
4598,three,,,
4599,,,,
4600,,,,
4601,one,,,
4602,,,,
4603,,,,
4604,one,one,,
4605,,,,
4606,,,,
4607,one,,,
4608,,,,
4609,,,,
4610,,,,
4611,,,,
4612,one,,,
4613,,,,
4614,,,,
4615,,,,
4616,,,,
4617,,,,
4618,,,,
4619,,,,
4620,one,,,
4621,,,,
4622,,,,
4623,,,,
4624,,,,
4625,,,,
4626,ten,,,
4627,,,,
4628,,,,
4629,one,,,
4630,,,,
4631,,,,
4632,ten,four,,
4633,,,,
4634,,,,
4635,,,,
4636,,,,
4637,,,,
4638,,,,
4639,one,,,
4640,one,,,
4641,,,,
4642,,,,
4643,two,one,,
4644,three,one,,
4645,two,,,
4646,,,,
4647,,,,
4648,two,one,,
4649,,,,
4650,one,,,
4651,,,,
4652,,,,
4653,,,,
4654,,,,
4655,,,,
4656,,,,
4657,,,,
4658,,,,
4659,one,,,
4660,two,three,one,
4661,two,,,
4662,,,,
4663,ten,,,
4664,ten,,,
4665,,,,
4666,one,,,
4667,,,,
4668,,,,
4669,,,,
4670,,,,
4671,,,,
4672,,,,
4673,one,,,
4674,,,,
4675,,,,
4676,,,,
4677,,,,
4678,,,,
4679,,,,
4680,two,two,one,
4681,,,,
4682,,,,
4683,,,,
4684,,,,
4685,,,,
4686,,,,
4687,,,,
4688,,,,
4689,,,,
4690,,,,
4691,one,,,
4692,two,two,,
4693,,,,
4694,,,,
4695,,,,
4696,,,,
4697,,,,
4698,,,,
4699,,,,
4700,ten,ten,ten,
4701,,,,
4702,one,,,
4703,,,,
4704,,,,
4705,one,,,
4706,,,,
4707,,,,
4708,one,,,
4709,,,,
4710,one,one,,
4711,,,,
4712,,,,
4713,,,,
4714,,,,
4715,,,,
4716,ten,,,
4717,one,,,
4718,one,,,
4719,,,,
4720,ten,ten,,
4721,,,,
4722,,,,
4723,,,,
4724,one,ten,,
4725,,,,
4726,,,,
4727,,,,
4728,,,,
4729,,,,
4730,one,,,
4731,,,,
4732,one,,,
4733,,,,
4734,,,,
4735,,,,
4736,ten,,,
4737,three,two,one,
4738,,,,
4739,,,,
4740,,,,
4741,two,,,
4742,,,,
4743,,,,
4744,,,,
4745,,,,
4746,,,,
4747,,,,
4748,,,,
4749,,,,
4750,two,one,,
4751,,,,
4752,,,,
4753,,,,
4754,,,,
4755,,,,
4756,,,,
4757,,,,
4758,,,,
4759,,,,
4760,,,,
4761,,,,
4762,,,,
4763,two,two,two,two
4764,two,,,
4765,,,,
4766,,,,
4767,,,,
4768,,,,
4769,,,,
4770,,,,
4771,,,,
4772,,,,
4773,,,,
4774,,,,
4775,,,,
4776,,,,
4777,,,,
4778,,,,
4779,,,,
4780,,,,
4781,,,,
4782,one,,,
4783,,,,
4784,,,,
4785,,,,
4786,,,,
4787,,,,
4788,,,,
4789,,,,
4790,,,,
4791,,,,
4792,one,,,
4793,,,,
4794,,,,
4795,,,,
4796,,,,
4797,,,,
4798,,,,
4799,,,,
4800,,,,
4801,,,,
4802,,,,
4803,,,,
4804,,,,
4805,two,,,
4806,,,,
4807,two,one,,
4808,,,,
4809,,,,
4810,,,,
4811,,,,
4812,,,,
4813,,,,
4814,one,,,
4815,two,one,one,
4816,,,,
4817,,,,
4818,,,,
4819,one,one,one,eight
4820,one,,,
4821,,,,
4822,,,,
4823,one,,,
4824,,,,
4825,,,,
4826,,,,
4827,,,,
4828,,,,
4829,,,,
4830,,,,
4831,,,,
4832,,,,
4833,one,,,
4834,,,,
4835,,,,
4836,,,,
4837,,,,
4838,,,,
4839,one,one,,
4840,,,,
4841,,,,
4842,ten,one,one,
4843,,,,
4844,ten,one,one,
4845,,,,
4846,,,,
4847,,,,
4848,,,,
4849,one,one,,
4850,two,one,,
4851,,,,
4852,,,,
4853,,,,
4854,,,,
4855,,,,
4856,,,,
4857,two,two,,
4858,,,,
4859,,,,
4860,,,,
4861,one,,,
4862,ten,,,
4863,,,,
4864,,,,
4865,,,,
4866,,,,
4867,,,,
4868,,,,
4869,one,one,,
4870,,,,
4871,,,,
4872,,,,
4873,two,,,
4874,,,,
4875,,,,
4876,,,,
4877,,,,
4878,,,,
4879,,,,
4880,,,,
4881,,,,
4882,,,,
4883,,,,
4884,one,,,
4885,,,,
4886,,,,
4887,one,one,two,
4888,,,,
4889,,,,
4890,,,,
4891,,,,
4892,two,,,
4893,two,two,,
4894,,,,
4895,one,,,
4896,one,one,,
4897,,,,
4898,one,,,
4899,two,,,
4900,,,,
4901,,,,
4902,one,,,
4903,ten,,,
4904,one,,,
4905,,,,
4906,,,,
4907,,,,
4908,,,,
4909,two,,,
4910,,,,
4911,,,,
4912,,,,
4913,,,,
4914,,,,
4915,one,ten,,
4916,,,,
4917,,,,
4918,two,,,
4919,,,,
4920,,,,
4921,,,,
4922,,,,
4923,,,,
4924,,,,
4925,,,,
4926,one,,,
4927,,,,
4928,three,,,
4929,four,,,
4930,,,,
4931,,,,
4932,,,,
4933,,,,
4934,,,,
4935,three,,,
4936,,,,
4937,,,,
4938,,,,
4939,,,,
4940,,,,
4941,,,,
4942,,,,
4943,ten,,,
4944,one,,,
4945,,,,
4946,one,two,ten,ten
4947,,,,
4948,,,,
4949,,,,
4950,,,,
4951,,,,
4952,one,one,,
4953,,,,
4954,,,,
4955,ten,two,one,ten
4956,,,,
4957,,,,
4958,,,,
4959,ten,one,one,one
4960,,,,
4961,one,,,
4962,one,,,
4963,,,,
4964,one,three,,
4965,,,,
4966,one,two,one,
4967,,,,
4968,,,,
4969,,,,
4970,,,,
4971,,,,
4972,,,,
4973,,,,
4974,,,,
4975,,,,
4976,,,,
4977,,,,
4978,,,,
4979,ten,,,
4980,,,,
4981,,,,
4982,,,,
4983,one,,,
4984,,,,
4985,,,,
4986,,,,
4987,,,,
4988,,,,
4989,,,,
4990,,,,
4991,,,,
4992,,,,
4993,one,one,,
4994,,,,
4995,,,,
4996,,,,
4997,,,,
4998,,,,
4999,one,,,
5000,,,,
5001,,,,
5002,,,,
5003,,,,
5004,,,,
5005,,,,
5006,one,,,
5007,,,,
5008,,,,
5009,three,,,
5010,,,,
5011,,,,
5012,,,,
5013,,,,
5014,,,,
5015,,,,
5016,one,ten,,
5017,,,,
5018,,,,
5019,,,,
5020,one,,,
5021,,,,
5022,one,two,two,one
5023,,,,
5024,,,,
5025,,,,
5026,one,two,,
5027,,,,
5028,,,,
5029,two,,,
5030,two,two,,
5031,,,,
5032,,,,
5033,,,,
5034,one,one,,
5035,,,,
5036,,,,
5037,,,,
5038,,,,
5039,,,,
5040,,,,
5041,,,,
5042,,,,
5043,,,,
5044,one,,,
5045,,,,
5046,,,,
5047,,,,
5048,ten,one,,
5049,,,,
5050,,,,
5051,,,,
5052,,,,
5053,,,,
5054,ten,,,
5055,,,,
5056,,,,
5057,,,,
5058,one,,,
5059,,,,
5060,one,one,ten,
5061,,,,
5062,,,,
5063,,,,
5064,,,,
5065,,,,
5066,,,,
5067,,,,
5068,,,,
5069,,,,
5070,,,,
5071,,,,
5072,,,,
5073,three,,,
5074,,,,
5075,,,,
5076,,,,
5077,,,,
5078,,,,
5079,two,two,,
5080,,,,
5081,two,,,
5082,one,,,
5083,,,,
5084,,,,
5085,,,,
5086,,,,
5087,,,,
5088,,,,
5089,,,,
5090,ten,,,
5091,one,,,
5092,,,,
5093,,,,
5094,one,,,
5095,,,,
5096,,,,
5097,,,,
5098,ten,one,,
5099,,,,
5100,,,,
5101,one,one,,
5102,,,,
5103,,,,
5104,,,,
5105,,,,
5106,,,,
5107,,,,
5108,,,,
5109,,,,
5110,one,,,
5111,,,,
5112,one,,,
5113,,,,
5114,,,,
5115,,,,
5116,,,,
5117,,,,
5118,two,one,,
5119,,,,
5120,one,,,
5121,,,,
5122,,,,
5123,,,,
5124,one,,,
5125,,,,
5126,,,,
5127,,,,
5128,,,,
5129,ten,,,
5130,two,,,
5131,ten,,,
5132,,,,
5133,,,,
5134,,,,
5135,,,,
5136,,,,
5137,,,,
5138,,,,
5139,ten,,,
5140,,,,
5141,,,,
5142,,,,
5143,,,,
5144,,,,
5145,,,,
5146,,,,
5147,,,,
5148,,,,
5149,ten,two,,
5150,,,,
5151,,,,
5152,one,one,,
5153,two,two,,
5154,two,one,,
5155,,,,
5156,,,,
5157,,,,
5158,,,,
5159,,,,
5160,,,,
5161,,,,
5162,,,,
5163,,,,
5164,ten,,,
5165,,,,
5166,ten,four,,
5167,,,,
5168,,,,
5169,,,,
5170,one,,,
5171,,,,
5172,,,,
5173,,,,
5174,,,,
5175,,,,
5176,,,,
5177,,,,
5178,,,,
5179,,,,
5180,,,,
5181,one,,,
5182,,,,
5183,,,,
5184,one,one,,
5185,,,,
5186,,,,
5187,,,,
5188,,,,
5189,,,,
5190,,,,
5191,,,,
5192,,,,
5193,,,,
5194,,,,
5195,ten,,,
5196,ten,,,
5197,three,two,,
5198,,,,
5199,,,,
5200,,,,
5201,,,,
5202,,,,
5203,ten,one,one,
5204,,,,
5205,,,,
5206,,,,
5207,,,,
5208,,,,
5209,,,,
5210,one,one,one,ten
5211,,,,
5212,one,one,,
5213,three,one,two,
5214,one,,,
5215,one,one,,
5216,,,,
5217,,,,
5218,,,,
5219,,,,
5220,,,,
5221,,,,
5222,,,,
5223,,,,
5224,,,,
5225,,,,
5226,,,,
5227,,,,
5228,,,,
5229,,,,
5230,,,,
5231,,,,
5232,,,,
5233,three,,,
5234,one,,,
5235,one,one,one,ten
5236,,,,
5237,,,,
5238,,,,
5239,,,,
5240,,,,
5241,,,,
5242,one,,,
5243,,,,
5244,,,,
5245,,,,
5246,,,,
5247,one,,,
5248,,,,
5249,,,,
5250,,,,
5251,,,,
5252,,,,
5253,,,,
5254,,,,
5255,,,,
5256,,,,
5257,,,,
5258,,,,
5259,one,,,
5260,,,,
5261,,,,
5262,ten,,,
5263,ten,one,,
5264,,,,
5265,,,,
5266,,,,
5267,,,,
5268,one,,,
5269,,,,
5270,,,,
5271,two,two,,
5272,,,,
5273,one,ten,ten,
5274,,,,
5275,,,,
5276,five,,,
5277,,,,
5278,,,,
5279,one,,,
5280,four,,,
5281,,,,
5282,one,one,two,one
5283,,,,
5284,,,,
5285,,,,
5286,,,,
5287,,,,
5288,,,,
5289,,,,
5290,,,,
5291,,,,
5292,,,,
5293,,,,
5294,,,,
5295,,,,
5296,one,,,
5297,one,,,
5298,,,,
5299,,,,
5300,two,one,one,
5301,two,,,
5302,,,,
5303,,,,
5304,,,,
5305,ten,ten,,
5306,,,,
5307,,,,
5308,,,,
5309,,,,
5310,,,,
5311,one,,,
5312,,,,
5313,,,,
5314,ten,,,
5315,ten,,,
5316,,,,
5317,,,,
5318,,,,
5319,,,,
5320,,,,
5321,,,,
5322,,,,
5323,,,,
5324,,,,
5325,two,,,
5326,,,,
5327,five,,,
5328,two,two,,
5329,one,,,
5330,one,,,
5331,,,,
5332,,,,
5333,,,,
5334,,,,
5335,,,,
5336,one,,,
5337,,,,
5338,,,,
5339,,,,
5340,ten,,,
5341,one,,,
5342,,,,
5343,ten,,,
5344,,,,
5345,,,,
5346,,,,
5347,two,,,
5348,,,,
5349,,,,
5350,,,,
5351,one,one,,
5352,,,,
5353,,,,
5354,,,,
5355,,,,
5356,,,,
5357,,,,
5358,,,,
5359,,,,
5360,,,,
5361,ten,,,
5362,,,,
5363,,,,
5364,two,two,,
5365,,,,
5366,,,,
5367,,,,
5368,,,,
5369,,,,
5370,,,,
5371,,,,
5372,one,,,
5373,,,,
5374,,,,
5375,,,,
5376,,,,
5377,,,,
5378,,,,
5379,,,,
5380,,,,
5381,,,,
5382,,,,
5383,,,,
5384,,,,
5385,ten,,,
5386,,,,
5387,,,,
5388,,,,
5389,,,,
5390,,,,
5391,one,,,
5392,one,,,
5393,,,,
5394,,,,
5395,two,one,one,
5396,,,,
5397,,,,
5398,,,,
5399,one,,,
5400,,,,
5401,,,,
5402,,,,
5403,,,,
5404,,,,
5405,,,,
5406,one,,,
5407,one,,,
5408,one,one,,
5409,one,one,,
5410,,,,
5411,,,,
5412,two,two,one,
5413,,,,
5414,,,,
5415,,,,
5416,,,,
5417,,,,
5418,ten,four,,
5419,,,,
5420,ten,,,
5421,,,,
5422,two,two,,
5423,,,,
5424,one,,,
5425,,,,
5426,,,,
5427,two,,,
5428,,,,
5429,,,,
5430,,,,
5431,,,,
5432,one,ten,two,
5433,two,,,
5434,one,,,
5435,,,,
5436,,,,
5437,two,ten,ten,
5438,ten,,,
5439,,,,
5440,one,,,
5441,one,one,one,two
5442,,,,
5443,,,,
5444,,,,
5445,,,,
5446,,,,
5447,one,,,
5448,,,,
5449,,,,
5450,,,,
5451,ten,one,,
5452,,,,
5453,,,,
5454,two,two,one,
5455,,,,
5456,,,,
5457,,,,
5458,,,,
5459,,,,
5460,one,,,
5461,one,,,
5462,,,,
5463,,,,
5464,,,,
5465,,,,
5466,one,,,
5467,,,,
5468,,,,
5469,,,,
5470,,,,
5471,one,,,
5472,,,,
5473,,,,
5474,,,,
5475,,,,
5476,,,,
5477,,,,
5478,,,,
5479,,,,
5480,,,,
5481,,,,
5482,,,,
5483,,,,
5484,,,,
5485,,,,
5486,,,,
5487,,,,
5488,,,,
5489,,,,
5490,,,,
5491,one,,,
5492,,,,
5493,,,,
5494,ten,,,
5495,,,,
5496,,,,
5497,,,,
5498,one,,,
5499,one,ten,,
5500,,,,
5501,ten,,,
5502,,,,
5503,,,,
5504,four,,,
5505,,,,
5506,,,,
5507,,,,
5508,,,,
5509,four,,,
5510,,,,
5511,,,,
5512,,,,
5513,,,,
5514,,,,
5515,ten,ten,,
5516,,,,
5517,ten,,,
5518,,,,
5519,,,,
5520,,,,
5521,,,,
5522,one,,,
5523,,,,
5524,,,,
5525,,,,
5526,one,,,
5527,,,,
5528,,,,
5529,,,,
5530,,,,
5531,four,,,
5532,,,,
5533,,,,
5534,,,,
5535,ten,,,
5536,,,,
5537,,,,
5538,one,one,,
5539,,,,
5540,,,,
5541,,,,
5542,,,,
5543,,,,
5544,,,,
5545,,,,
5546,two,,,
5547,,,,
5548,,,,
5549,,,,
5550,,,,
5551,ten,one,,
5552,,,,
5553,,,,
5554,,,,
5555,,,,
5556,,,,
5557,two,,,
5558,,,,
5559,ten,ten,,
5560,one,,,
5561,,,,
5562,,,,
5563,,,,
5564,,,,
5565,one,ten,,
5566,,,,
5567,,,,
5568,,,,
5569,,,,
5570,two,two,,
5571,,,,
5572,,,,
5573,,,,
5574,,,,
5575,,,,
5576,,,,
5577,,,,
5578,,,,
5579,one,,,
5580,two,,,
5581,one,ten,,
5582,,,,
5583,,,,
5584,,,,
5585,,,,
5586,,,,
5587,,,,
5588,,,,
5589,,,,
5590,,,,
5591,,,,
5592,,,,
5593,,,,
5594,one,,,
5595,,,,
5596,,,,
5597,,,,
5598,one,,,
5599,,,,
5600,,,,
5601,,,,
5602,one,,,
5603,,,,
5604,ten,,,
5605,ten,,,
5606,,,,
5607,,,,
5608,,,,
5609,,,,
5610,,,,
5611,,,,
5612,,,,
5613,,,,
5614,,,,
5615,,,,
5616,,,,
5617,,,,
5618,,,,
5619,,,,
5620,,,,
5621,,,,
5622,,,,
5623,,,,
5624,,,,
5625,,,,
5626,,,,
5627,,,,
5628,one,one,,
5629,,,,
5630,,,,
5631,,,,
5632,ten,,,
5633,,,,
5634,,,,
5635,,,,
5636,one,,,
5637,one,,,
5638,,,,
5639,,,,
5640,,,,
5641,,,,
5642,,,,
5643,,,,
5644,,,,
5645,,,,
5646,one,,,
5647,,,,
5648,one,,,
5649,one,,,
5650,three,,,
5651,four,one,,
5652,ten,two,,
5653,one,one,,
5654,,,,
5655,,,,
5656,,,,
5657,,,,
5658,,,,
5659,,,,
5660,,,,
5661,,,,
5662,,,,
5663,,,,
5664,,,,
5665,,,,
5666,,,,
5667,,,,
5668,ten,,,
5669,,,,
5670,,,,
5671,,,,
5672,,,,
5673,,,,
5674,,,,
5675,,,,
5676,,,,
5677,,,,
5678,,,,
5679,,,,
5680,,,,
5681,three,three,,
5682,,,,
5683,,,,
5684,two,,,
5685,,,,
5686,,,,
5687,,,,